-- MySQL dump 10.13  Distrib 9.7.1, for Win64 (x86_64)
--
-- Host: 127.0.0.1    Database: family_finance
-- ------------------------------------------------------
-- Server version	9.7.1

/*!40101 SET @OLD_CHARACTER_SET_CLIENT=@@CHARACTER_SET_CLIENT */;
/*!40101 SET @OLD_CHARACTER_SET_RESULTS=@@CHARACTER_SET_RESULTS */;
/*!40101 SET @OLD_COLLATION_CONNECTION=@@COLLATION_CONNECTION */;
/*!50503 SET NAMES utf8mb4 */;
/*!40103 SET @OLD_TIME_ZONE=@@TIME_ZONE */;
/*!40103 SET TIME_ZONE='+00:00' */;
/*!40014 SET @OLD_UNIQUE_CHECKS=@@UNIQUE_CHECKS, UNIQUE_CHECKS=0 */;
/*!40014 SET @OLD_FOREIGN_KEY_CHECKS=@@FOREIGN_KEY_CHECKS, FOREIGN_KEY_CHECKS=0 */;
/*!40101 SET @OLD_SQL_MODE=@@SQL_MODE, SQL_MODE='NO_AUTO_VALUE_ON_ZERO' */;
/*!40111 SET @OLD_SQL_NOTES=@@SQL_NOTES, SQL_NOTES=0 */;

--
-- Current Database: `family_finance`
--

CREATE DATABASE /*!32312 IF NOT EXISTS*/ `family_finance` /*!40100 DEFAULT CHARACTER SET utf8mb4 COLLATE utf8mb4_0900_ai_ci */ /*!80016 DEFAULT ENCRYPTION='N' */;

USE `family_finance`;

--
-- Table structure for table `budgets`
--

DROP TABLE IF EXISTS `budgets`;
/*!40101 SET @saved_cs_client     = @@character_set_client */;
/*!50503 SET character_set_client = utf8mb4 */;
CREATE TABLE `budgets` (
  `id` bigint unsigned NOT NULL AUTO_INCREMENT,
  `family_id` bigint unsigned NOT NULL,
  `category_id` bigint unsigned NOT NULL,
  `month` tinyint unsigned NOT NULL,
  `year` smallint unsigned NOT NULL,
  `limit_amount` decimal(15,2) NOT NULL,
  `created_at` timestamp NULL DEFAULT NULL,
  `updated_at` timestamp NULL DEFAULT NULL,
  PRIMARY KEY (`id`),
  UNIQUE KEY `budgets_family_id_category_id_month_year_unique` (`family_id`,`category_id`,`month`,`year`),
  KEY `budgets_category_id_foreign` (`category_id`),
  CONSTRAINT `budgets_category_id_foreign` FOREIGN KEY (`category_id`) REFERENCES `categories` (`id`) ON DELETE CASCADE,
  CONSTRAINT `budgets_family_id_foreign` FOREIGN KEY (`family_id`) REFERENCES `families` (`id`) ON DELETE CASCADE
) ENGINE=InnoDB AUTO_INCREMENT=6 DEFAULT CHARSET=utf8mb4 COLLATE=utf8mb4_unicode_ci;
/*!40101 SET character_set_client = @saved_cs_client */;

--
-- Dumping data for table `budgets`
--

LOCK TABLES `budgets` WRITE;
/*!40000 ALTER TABLE `budgets` DISABLE KEYS */;
INSERT INTO `budgets` VALUES (1,1,3,6,2026,450000.00,'2026-06-22 05:25:07','2026-06-22 05:25:07'),(2,1,4,6,2026,250000.00,'2026-06-22 05:25:07','2026-06-22 05:25:07'),(3,1,5,6,2026,150000.00,'2026-06-22 05:25:07','2026-06-22 05:25:07'),(4,1,2,6,2026,200000.00,'2026-06-22 05:25:07','2026-06-22 05:25:07'),(5,1,7,6,2026,4250000.00,'2026-06-22 05:25:07','2026-06-22 05:25:07');
/*!40000 ALTER TABLE `budgets` ENABLE KEYS */;
UNLOCK TABLES;

--
-- Table structure for table `cache`
--

DROP TABLE IF EXISTS `cache`;
/*!40101 SET @saved_cs_client     = @@character_set_client */;
/*!50503 SET character_set_client = utf8mb4 */;
CREATE TABLE `cache` (
  `key` varchar(255) COLLATE utf8mb4_unicode_ci NOT NULL,
  `value` mediumtext COLLATE utf8mb4_unicode_ci NOT NULL,
  `expiration` bigint NOT NULL,
  PRIMARY KEY (`key`),
  KEY `cache_expiration_index` (`expiration`)
) ENGINE=InnoDB DEFAULT CHARSET=utf8mb4 COLLATE=utf8mb4_unicode_ci;
/*!40101 SET character_set_client = @saved_cs_client */;

--
-- Dumping data for table `cache`
--

LOCK TABLES `cache` WRITE;
/*!40000 ALTER TABLE `cache` DISABLE KEYS */;
/*!40000 ALTER TABLE `cache` ENABLE KEYS */;
UNLOCK TABLES;

--
-- Table structure for table `cache_locks`
--

DROP TABLE IF EXISTS `cache_locks`;
/*!40101 SET @saved_cs_client     = @@character_set_client */;
/*!50503 SET character_set_client = utf8mb4 */;
CREATE TABLE `cache_locks` (
  `key` varchar(255) COLLATE utf8mb4_unicode_ci NOT NULL,
  `owner` varchar(255) COLLATE utf8mb4_unicode_ci NOT NULL,
  `expiration` bigint NOT NULL,
  PRIMARY KEY (`key`),
  KEY `cache_locks_expiration_index` (`expiration`)
) ENGINE=InnoDB DEFAULT CHARSET=utf8mb4 COLLATE=utf8mb4_unicode_ci;
/*!40101 SET character_set_client = @saved_cs_client */;

--
-- Dumping data for table `cache_locks`
--

LOCK TABLES `cache_locks` WRITE;
/*!40000 ALTER TABLE `cache_locks` DISABLE KEYS */;
/*!40000 ALTER TABLE `cache_locks` ENABLE KEYS */;
UNLOCK TABLES;

--
-- Table structure for table `categories`
--

DROP TABLE IF EXISTS `categories`;
/*!40101 SET @saved_cs_client     = @@character_set_client */;
/*!50503 SET character_set_client = utf8mb4 */;
CREATE TABLE `categories` (
  `id` bigint unsigned NOT NULL AUTO_INCREMENT,
  `family_id` bigint unsigned NOT NULL,
  `category_name` varchar(255) COLLATE utf8mb4_unicode_ci NOT NULL,
  `type` enum('income','expense') COLLATE utf8mb4_unicode_ci NOT NULL,
  `icon` varchar(255) COLLATE utf8mb4_unicode_ci DEFAULT NULL,
  `color` varchar(255) COLLATE utf8mb4_unicode_ci DEFAULT NULL,
  `description` text COLLATE utf8mb4_unicode_ci,
  `is_default` tinyint(1) NOT NULL DEFAULT '0',
  `created_at` timestamp NULL DEFAULT NULL,
  `updated_at` timestamp NULL DEFAULT NULL,
  PRIMARY KEY (`id`),
  UNIQUE KEY `categories_family_id_category_name_type_unique` (`family_id`,`category_name`,`type`),
  CONSTRAINT `categories_family_id_foreign` FOREIGN KEY (`family_id`) REFERENCES `families` (`id`) ON DELETE CASCADE
) ENGINE=InnoDB AUTO_INCREMENT=13 DEFAULT CHARSET=utf8mb4 COLLATE=utf8mb4_unicode_ci;
/*!40101 SET character_set_client = @saved_cs_client */;

--
-- Dumping data for table `categories`
--

LOCK TABLES `categories` WRITE;
/*!40000 ALTER TABLE `categories` DISABLE KEYS */;
INSERT INTO `categories` VALUES (1,1,'IPL','expense','icon-lightning.svg','#3B82F6','Iuran Pengelolaan Lingkungan',1,'2026-06-22 05:25:07','2026-06-22 05:25:07'),(2,1,'Imunisasi','expense','icon-category-health.svg','#8B5CF6','Biaya imunisasi anak',1,'2026-06-22 05:25:07','2026-06-22 05:25:07'),(3,1,'Listrik','expense','icon-lightning.svg','#F59E0B','Tagihan listrik bulanan',1,'2026-06-22 05:25:07','2026-06-22 05:25:07'),(4,1,'Internet','expense','icon-wifi.svg','#10B981','Tagihan internet bulanan',1,'2026-06-22 05:25:07','2026-06-22 05:25:07'),(5,1,'BPJS','expense','icon-shield.svg','#3B82F6','Iuran BPJS Kesehatan/Ketenagakerjaan',1,'2026-06-22 05:25:07','2026-06-22 05:25:07'),(6,1,'Asuransi','expense','icon-shield.svg','#14B8A6','Premi asuransi jiwa/kesehatan/properti',1,'2026-06-22 05:25:07','2026-06-22 05:25:07'),(7,1,'Belanja Rumah Tangga','expense','icon-wallet.svg','#F59E0B','Belanja kebutuhan rumah',1,'2026-06-22 05:25:07','2026-06-22 05:25:07'),(8,1,'Makanan & Minuman','expense','icon-wallet.svg','#8B5CF6','Makan keluarga',1,'2026-06-22 05:25:07','2026-06-22 05:25:07'),(9,1,'Gaji','income','icon-income.svg','#22C55E','Gaji bulanan',1,'2026-06-22 05:25:07','2026-06-22 05:25:07'),(10,1,'Bonus','income','icon-budget.svg','#8B5CF6','Bonus kinerja atau tahunan',1,'2026-06-22 05:25:07','2026-06-22 05:25:07'),(11,1,'Freelance','income','icon-income.svg','#3B82F6','Penghasilan pekerjaan lepas',1,'2026-06-22 05:25:07','2026-06-22 05:25:07'),(12,1,'THR','income','icon-budget.svg','#F59E0B','Tunjangan Hari Raya',1,'2026-06-22 05:25:07','2026-06-22 05:25:07');
/*!40000 ALTER TABLE `categories` ENABLE KEYS */;
UNLOCK TABLES;

--
-- Table structure for table `failed_jobs`
--

DROP TABLE IF EXISTS `failed_jobs`;
/*!40101 SET @saved_cs_client     = @@character_set_client */;
/*!50503 SET character_set_client = utf8mb4 */;
CREATE TABLE `failed_jobs` (
  `id` bigint unsigned NOT NULL AUTO_INCREMENT,
  `uuid` varchar(255) COLLATE utf8mb4_unicode_ci NOT NULL,
  `connection` text COLLATE utf8mb4_unicode_ci NOT NULL,
  `queue` text COLLATE utf8mb4_unicode_ci NOT NULL,
  `payload` longtext COLLATE utf8mb4_unicode_ci NOT NULL,
  `exception` longtext COLLATE utf8mb4_unicode_ci NOT NULL,
  `failed_at` timestamp NOT NULL DEFAULT CURRENT_TIMESTAMP,
  PRIMARY KEY (`id`),
  UNIQUE KEY `failed_jobs_uuid_unique` (`uuid`)
) ENGINE=InnoDB DEFAULT CHARSET=utf8mb4 COLLATE=utf8mb4_unicode_ci;
/*!40101 SET character_set_client = @saved_cs_client */;

--
-- Dumping data for table `failed_jobs`
--

LOCK TABLES `failed_jobs` WRITE;
/*!40000 ALTER TABLE `failed_jobs` DISABLE KEYS */;
/*!40000 ALTER TABLE `failed_jobs` ENABLE KEYS */;
UNLOCK TABLES;

--
-- Table structure for table `families`
--

DROP TABLE IF EXISTS `families`;
/*!40101 SET @saved_cs_client     = @@character_set_client */;
/*!50503 SET character_set_client = utf8mb4 */;
CREATE TABLE `families` (
  `id` bigint unsigned NOT NULL AUTO_INCREMENT,
  `family_code` varchar(255) COLLATE utf8mb4_unicode_ci NOT NULL,
  `family_name` varchar(255) COLLATE utf8mb4_unicode_ci NOT NULL,
  `address` text COLLATE utf8mb4_unicode_ci NOT NULL,
  `city` varchar(255) COLLATE utf8mb4_unicode_ci NOT NULL,
  `province` varchar(255) COLLATE utf8mb4_unicode_ci NOT NULL,
  `postal_code` varchar(255) COLLATE utf8mb4_unicode_ci NOT NULL,
  `phone` varchar(255) COLLATE utf8mb4_unicode_ci DEFAULT NULL,
  `created_by` bigint unsigned DEFAULT NULL,
  `created_at` timestamp NULL DEFAULT NULL,
  `updated_at` timestamp NULL DEFAULT NULL,
  PRIMARY KEY (`id`),
  UNIQUE KEY `families_family_code_unique` (`family_code`),
  KEY `families_created_by_foreign` (`created_by`),
  CONSTRAINT `families_created_by_foreign` FOREIGN KEY (`created_by`) REFERENCES `users` (`id`) ON DELETE SET NULL
) ENGINE=InnoDB AUTO_INCREMENT=2 DEFAULT CHARSET=utf8mb4 COLLATE=utf8mb4_unicode_ci;
/*!40101 SET character_set_client = @saved_cs_client */;

--
-- Dumping data for table `families`
--

LOCK TABLES `families` WRITE;
/*!40000 ALTER TABLE `families` DISABLE KEYS */;
INSERT INTO `families` VALUES (1,'PRATAMA2024','Keluarga Pratama','Jl. Melati No. 23, Setiabudi','Jakarta Selatan','DKI Jakarta','12910','021-1234567',1,'2026-06-22 05:25:06','2026-06-22 05:25:07');
/*!40000 ALTER TABLE `families` ENABLE KEYS */;
UNLOCK TABLES;

--
-- Table structure for table `job_batches`
--

DROP TABLE IF EXISTS `job_batches`;
/*!40101 SET @saved_cs_client     = @@character_set_client */;
/*!50503 SET character_set_client = utf8mb4 */;
CREATE TABLE `job_batches` (
  `id` varchar(255) COLLATE utf8mb4_unicode_ci NOT NULL,
  `name` varchar(255) COLLATE utf8mb4_unicode_ci NOT NULL,
  `total_jobs` int NOT NULL,
  `pending_jobs` int NOT NULL,
  `failed_jobs` int NOT NULL,
  `failed_job_ids` longtext COLLATE utf8mb4_unicode_ci NOT NULL,
  `options` mediumtext COLLATE utf8mb4_unicode_ci,
  `cancelled_at` int DEFAULT NULL,
  `created_at` int NOT NULL,
  `finished_at` int DEFAULT NULL,
  PRIMARY KEY (`id`)
) ENGINE=InnoDB DEFAULT CHARSET=utf8mb4 COLLATE=utf8mb4_unicode_ci;
/*!40101 SET character_set_client = @saved_cs_client */;

--
-- Dumping data for table `job_batches`
--

LOCK TABLES `job_batches` WRITE;
/*!40000 ALTER TABLE `job_batches` DISABLE KEYS */;
/*!40000 ALTER TABLE `job_batches` ENABLE KEYS */;
UNLOCK TABLES;

--
-- Table structure for table `jobs`
--

DROP TABLE IF EXISTS `jobs`;
/*!40101 SET @saved_cs_client     = @@character_set_client */;
/*!50503 SET character_set_client = utf8mb4 */;
CREATE TABLE `jobs` (
  `id` bigint unsigned NOT NULL AUTO_INCREMENT,
  `queue` varchar(255) COLLATE utf8mb4_unicode_ci NOT NULL,
  `payload` longtext COLLATE utf8mb4_unicode_ci NOT NULL,
  `attempts` tinyint unsigned NOT NULL,
  `reserved_at` int unsigned DEFAULT NULL,
  `available_at` int unsigned NOT NULL,
  `created_at` int unsigned NOT NULL,
  PRIMARY KEY (`id`),
  KEY `jobs_queue_index` (`queue`)
) ENGINE=InnoDB DEFAULT CHARSET=utf8mb4 COLLATE=utf8mb4_unicode_ci;
/*!40101 SET character_set_client = @saved_cs_client */;

--
-- Dumping data for table `jobs`
--

LOCK TABLES `jobs` WRITE;
/*!40000 ALTER TABLE `jobs` DISABLE KEYS */;
/*!40000 ALTER TABLE `jobs` ENABLE KEYS */;
UNLOCK TABLES;

--
-- Table structure for table `migrations`
--

DROP TABLE IF EXISTS `migrations`;
/*!40101 SET @saved_cs_client     = @@character_set_client */;
/*!50503 SET character_set_client = utf8mb4 */;
CREATE TABLE `migrations` (
  `id` int unsigned NOT NULL AUTO_INCREMENT,
  `migration` varchar(255) COLLATE utf8mb4_unicode_ci NOT NULL,
  `batch` int NOT NULL,
  PRIMARY KEY (`id`)
) ENGINE=InnoDB AUTO_INCREMENT=12 DEFAULT CHARSET=utf8mb4 COLLATE=utf8mb4_unicode_ci;
/*!40101 SET character_set_client = @saved_cs_client */;

--
-- Dumping data for table `migrations`
--

LOCK TABLES `migrations` WRITE;
/*!40000 ALTER TABLE `migrations` DISABLE KEYS */;
INSERT INTO `migrations` VALUES (1,'0001_01_01_000000_create_users_table',1),(2,'0001_01_01_000001_create_cache_table',1),(3,'0001_01_01_000002_create_jobs_table',1),(4,'2026_05_12_000001_create_families_table',1),(5,'2026_05_12_000002_create_roles_table',1),(6,'2026_05_12_000003_add_family_fields_to_users_table',1),(7,'2026_05_12_000004_create_categories_table',1),(8,'2026_05_12_000005_create_wallets_table',1),(9,'2026_05_12_000006_create_transactions_table',1),(10,'2026_05_12_000007_create_transaction_histories_table',1),(11,'2026_05_12_000008_create_budgets_table',1);
/*!40000 ALTER TABLE `migrations` ENABLE KEYS */;
UNLOCK TABLES;

--
-- Table structure for table `password_reset_tokens`
--

DROP TABLE IF EXISTS `password_reset_tokens`;
/*!40101 SET @saved_cs_client     = @@character_set_client */;
/*!50503 SET character_set_client = utf8mb4 */;
CREATE TABLE `password_reset_tokens` (
  `email` varchar(255) COLLATE utf8mb4_unicode_ci NOT NULL,
  `token` varchar(255) COLLATE utf8mb4_unicode_ci NOT NULL,
  `created_at` timestamp NULL DEFAULT NULL,
  PRIMARY KEY (`email`)
) ENGINE=InnoDB DEFAULT CHARSET=utf8mb4 COLLATE=utf8mb4_unicode_ci;
/*!40101 SET character_set_client = @saved_cs_client */;

--
-- Dumping data for table `password_reset_tokens`
--

LOCK TABLES `password_reset_tokens` WRITE;
/*!40000 ALTER TABLE `password_reset_tokens` DISABLE KEYS */;
/*!40000 ALTER TABLE `password_reset_tokens` ENABLE KEYS */;
UNLOCK TABLES;

--
-- Table structure for table `roles`
--

DROP TABLE IF EXISTS `roles`;
/*!40101 SET @saved_cs_client     = @@character_set_client */;
/*!50503 SET character_set_client = utf8mb4 */;
CREATE TABLE `roles` (
  `id` bigint unsigned NOT NULL AUTO_INCREMENT,
  `role_name` varchar(255) COLLATE utf8mb4_unicode_ci NOT NULL,
  `description` text COLLATE utf8mb4_unicode_ci,
  `created_at` timestamp NULL DEFAULT NULL,
  `updated_at` timestamp NULL DEFAULT NULL,
  PRIMARY KEY (`id`),
  UNIQUE KEY `roles_role_name_unique` (`role_name`)
) ENGINE=InnoDB AUTO_INCREMENT=8 DEFAULT CHARSET=utf8mb4 COLLATE=utf8mb4_unicode_ci;
/*!40101 SET character_set_client = @saved_cs_client */;

--
-- Dumping data for table `roles`
--

LOCK TABLES `roles` WRITE;
/*!40000 ALTER TABLE `roles` DISABLE KEYS */;
INSERT INTO `roles` VALUES (1,'Kepala Keluarga','Akses penuh ke semua fitur dan pengaturan.','2026-06-22 05:25:06','2026-06-22 05:25:06'),(2,'Ibu','Kelola transaksi, anggaran, dan laporan.','2026-06-22 05:25:06','2026-06-22 05:25:06'),(3,'Anak','Akses terbatas, dapat melihat dan input tertentu.','2026-06-22 05:25:06','2026-06-22 05:25:06'),(4,'Admin Keluarga','Kelola anggota, role, dan pengaturan keluarga.','2026-06-22 05:25:06','2026-06-22 05:25:06');
/*!40000 ALTER TABLE `roles` ENABLE KEYS */;
UNLOCK TABLES;

--
-- Table structure for table `sessions`
--

DROP TABLE IF EXISTS `sessions`;
/*!40101 SET @saved_cs_client     = @@character_set_client */;
/*!50503 SET character_set_client = utf8mb4 */;
CREATE TABLE `sessions` (
  `id` varchar(255) COLLATE utf8mb4_unicode_ci NOT NULL,
  `user_id` bigint unsigned DEFAULT NULL,
  `ip_address` varchar(45) COLLATE utf8mb4_unicode_ci DEFAULT NULL,
  `user_agent` text COLLATE utf8mb4_unicode_ci,
  `payload` longtext COLLATE utf8mb4_unicode_ci NOT NULL,
  `last_activity` int NOT NULL,
  PRIMARY KEY (`id`),
  KEY `sessions_user_id_index` (`user_id`),
  KEY `sessions_last_activity_index` (`last_activity`)
) ENGINE=InnoDB DEFAULT CHARSET=utf8mb4 COLLATE=utf8mb4_unicode_ci;
/*!40101 SET character_set_client = @saved_cs_client */;

--
-- Dumping data for table `sessions`
--

LOCK TABLES `sessions` WRITE;
/*!40000 ALTER TABLE `sessions` DISABLE KEYS */;
INSERT INTO `sessions` VALUES ('IH7pMH795qdinSTGnIi2Hr0ATgqJzgWvkxLj9ClY',1,'127.0.0.1','Mozilla/5.0 (iPhone; CPU iPhone OS 18_5 like Mac OS X) AppleWebKit/605.1.15 (KHTML, like Gecko) Version/18.5 Mobile/15E148 Safari/604.1','eyJfdG9rZW4iOiIxemRaOXk2Y0t0akVJdm1CWVpJN0RoVmJEMzlkZVRBRDMxdzdQNDlqIiwiX3ByZXZpb3VzIjp7InVybCI6Imh0dHA6XC9cLzEyNy4wLjAuMTo4MDAwXC9kYXNoYm9hcmQiLCJyb3V0ZSI6ImRhc2hib2FyZCJ9LCJfZmxhc2giOnsib2xkIjpbXSwibmV3IjpbXX0sImxvZ2luX3dlYl81OWJhMzZhZGRjMmIyZjk0MDE1ODBmMDE0YzdmNThlYTRlMzA5ODlkIjoxfQ==',1782135538);
/*!40000 ALTER TABLE `sessions` ENABLE KEYS */;
UNLOCK TABLES;

--
-- Table structure for table `transaction_histories`
--

DROP TABLE IF EXISTS `transaction_histories`;
/*!40101 SET @saved_cs_client     = @@character_set_client */;
/*!50503 SET character_set_client = utf8mb4 */;
CREATE TABLE `transaction_histories` (
  `id` bigint unsigned NOT NULL AUTO_INCREMENT,
  `transaction_id` bigint unsigned DEFAULT NULL,
  `user_id` bigint unsigned NOT NULL,
  `action` varchar(255) COLLATE utf8mb4_unicode_ci NOT NULL,
  `old_data` json DEFAULT NULL,
  `new_data` json DEFAULT NULL,
  `note` text COLLATE utf8mb4_unicode_ci,
  `created_at` timestamp NOT NULL DEFAULT CURRENT_TIMESTAMP,
  PRIMARY KEY (`id`),
  KEY `transaction_histories_transaction_id_foreign` (`transaction_id`),
  KEY `transaction_histories_user_id_foreign` (`user_id`),
  CONSTRAINT `transaction_histories_transaction_id_foreign` FOREIGN KEY (`transaction_id`) REFERENCES `transactions` (`id`) ON DELETE SET NULL,
  CONSTRAINT `transaction_histories_user_id_foreign` FOREIGN KEY (`user_id`) REFERENCES `users` (`id`) ON DELETE CASCADE
) ENGINE=InnoDB AUTO_INCREMENT=8 DEFAULT CHARSET=utf8mb4 COLLATE=utf8mb4_unicode_ci;
/*!40101 SET character_set_client = @saved_cs_client */;

--
-- Dumping data for table `transaction_histories`
--

LOCK TABLES `transaction_histories` WRITE;
/*!40000 ALTER TABLE `transaction_histories` DISABLE KEYS */;
INSERT INTO `transaction_histories` VALUES (1,1,1,'create',NULL,'{\"id\": 1, \"type\": \"income\", \"title\": \"Gaji Bulanan\", \"amount\": \"15000000.00\", \"status\": \"success\", \"user_id\": 1, \"family_id\": 1, \"wallet_id\": 2, \"created_at\": \"2026-06-22T12:25:07.000000Z\", \"updated_at\": \"2026-06-22T12:25:07.000000Z\", \"category_id\": 9, \"description\": \"Gaji Bulanan Juni 2026\", \"payment_method\": \"bank\", \"transaction_code\": \"TRX-202606-00001\", \"transaction_date\": \"2026-06-05T00:00:00.000000Z\"}','Seeder membuat transaksi dummy','2026-06-22 05:25:07'),(2,2,1,'create',NULL,'{\"id\": 2, \"type\": \"expense\", \"title\": \"Listrik PLN\", \"amount\": \"450000.00\", \"status\": \"success\", \"user_id\": 1, \"family_id\": 1, \"wallet_id\": 2, \"created_at\": \"2026-06-22T12:25:07.000000Z\", \"updated_at\": \"2026-06-22T12:25:07.000000Z\", \"category_id\": 3, \"description\": \"Listrik PLN Juni 2026\", \"payment_method\": \"bank\", \"transaction_code\": \"TRX-202606-00002\", \"transaction_date\": \"2026-06-06T00:00:00.000000Z\"}','Seeder membuat transaksi dummy','2026-06-21 05:25:07'),(3,3,1,'create',NULL,'{\"id\": 3, \"type\": \"expense\", \"title\": \"Belanja di Superindo\", \"amount\": \"320000.00\", \"status\": \"success\", \"user_id\": 1, \"family_id\": 1, \"wallet_id\": 1, \"created_at\": \"2026-06-22T12:25:07.000000Z\", \"updated_at\": \"2026-06-22T12:25:07.000000Z\", \"category_id\": 7, \"description\": \"Belanja di Superindo Juni 2026\", \"payment_method\": \"cash\", \"transaction_code\": \"TRX-202606-00003\", \"transaction_date\": \"2026-06-08T00:00:00.000000Z\"}','Seeder membuat transaksi dummy','2026-06-20 05:25:07'),(4,4,1,'create',NULL,'{\"id\": 4, \"type\": \"expense\", \"title\": \"Internet Indihome\", \"amount\": \"250000.00\", \"status\": \"success\", \"user_id\": 1, \"family_id\": 1, \"wallet_id\": 2, \"created_at\": \"2026-06-22T12:25:07.000000Z\", \"updated_at\": \"2026-06-22T12:25:07.000000Z\", \"category_id\": 4, \"description\": \"Internet Indihome Juni 2026\", \"payment_method\": \"bank\", \"transaction_code\": \"TRX-202606-00004\", \"transaction_date\": \"2026-06-10T00:00:00.000000Z\"}','Seeder membuat transaksi dummy','2026-06-19 05:25:07'),(5,5,1,'create',NULL,'{\"id\": 5, \"type\": \"expense\", \"title\": \"BPJS Kesehatan\", \"amount\": \"150000.00\", \"status\": \"success\", \"user_id\": 1, \"family_id\": 1, \"wallet_id\": 2, \"created_at\": \"2026-06-22T12:25:07.000000Z\", \"updated_at\": \"2026-06-22T12:25:07.000000Z\", \"category_id\": 5, \"description\": \"BPJS Kesehatan Juni 2026\", \"payment_method\": \"bank\", \"transaction_code\": \"TRX-202606-00005\", \"transaction_date\": \"2026-06-12T00:00:00.000000Z\"}','Seeder membuat transaksi dummy','2026-06-18 05:25:07'),(6,6,1,'create',NULL,'{\"id\": 6, \"type\": \"expense\", \"title\": \"Imunisasi Anak\", \"amount\": \"200000.00\", \"status\": \"success\", \"user_id\": 1, \"family_id\": 1, \"wallet_id\": 1, \"created_at\": \"2026-06-22T12:25:07.000000Z\", \"updated_at\": \"2026-06-22T12:25:07.000000Z\", \"category_id\": 2, \"description\": \"Imunisasi Anak Juni 2026\", \"payment_method\": \"cash\", \"transaction_code\": \"TRX-202606-00006\", \"transaction_date\": \"2026-06-14T00:00:00.000000Z\"}','Seeder membuat transaksi dummy','2026-06-17 05:25:07'),(7,7,1,'create',NULL,'{\"id\": 7, \"type\": \"income\", \"title\": \"Freelance Design\", \"amount\": \"1200000.00\", \"status\": \"success\", \"user_id\": 1, \"family_id\": 1, \"wallet_id\": 4, \"created_at\": \"2026-06-22T12:25:07.000000Z\", \"updated_at\": \"2026-06-22T12:25:07.000000Z\", \"category_id\": 11, \"description\": \"Freelance Design Juni 2026\", \"payment_method\": \"e-wallet\", \"transaction_code\": \"TRX-202606-00007\", \"transaction_date\": \"2026-06-18T00:00:00.000000Z\"}','Seeder membuat transaksi dummy','2026-06-16 05:25:07');
/*!40000 ALTER TABLE `transaction_histories` ENABLE KEYS */;
UNLOCK TABLES;

--
-- Table structure for table `transactions`
--

DROP TABLE IF EXISTS `transactions`;
/*!40101 SET @saved_cs_client     = @@character_set_client */;
/*!50503 SET character_set_client = utf8mb4 */;
CREATE TABLE `transactions` (
  `id` bigint unsigned NOT NULL AUTO_INCREMENT,
  `family_id` bigint unsigned NOT NULL,
  `user_id` bigint unsigned NOT NULL,
  `category_id` bigint unsigned NOT NULL,
  `wallet_id` bigint unsigned DEFAULT NULL,
  `transaction_code` varchar(255) COLLATE utf8mb4_unicode_ci NOT NULL,
  `type` enum('income','expense') COLLATE utf8mb4_unicode_ci NOT NULL,
  `amount` decimal(15,2) NOT NULL,
  `title` varchar(255) COLLATE utf8mb4_unicode_ci NOT NULL,
  `description` text COLLATE utf8mb4_unicode_ci,
  `transaction_date` date NOT NULL,
  `attachment` varchar(255) COLLATE utf8mb4_unicode_ci DEFAULT NULL,
  `payment_method` enum('cash','e-wallet','bank') COLLATE utf8mb4_unicode_ci NOT NULL,
  `status` enum('pending','success','cancel') COLLATE utf8mb4_unicode_ci NOT NULL DEFAULT 'pending',
  `created_at` timestamp NULL DEFAULT NULL,
  `updated_at` timestamp NULL DEFAULT NULL,
  PRIMARY KEY (`id`),
  UNIQUE KEY `transactions_transaction_code_unique` (`transaction_code`),
  KEY `transactions_user_id_foreign` (`user_id`),
  KEY `transactions_category_id_foreign` (`category_id`),
  KEY `transactions_wallet_id_foreign` (`wallet_id`),
  KEY `transactions_family_id_transaction_date_type_status_index` (`family_id`,`transaction_date`,`type`,`status`),
  CONSTRAINT `transactions_category_id_foreign` FOREIGN KEY (`category_id`) REFERENCES `categories` (`id`) ON DELETE CASCADE,
  CONSTRAINT `transactions_family_id_foreign` FOREIGN KEY (`family_id`) REFERENCES `families` (`id`) ON DELETE CASCADE,
  CONSTRAINT `transactions_user_id_foreign` FOREIGN KEY (`user_id`) REFERENCES `users` (`id`) ON DELETE CASCADE,
  CONSTRAINT `transactions_wallet_id_foreign` FOREIGN KEY (`wallet_id`) REFERENCES `wallets` (`id`) ON DELETE SET NULL
) ENGINE=InnoDB AUTO_INCREMENT=8 DEFAULT CHARSET=utf8mb4 COLLATE=utf8mb4_unicode_ci;
/*!40101 SET character_set_client = @saved_cs_client */;

--
-- Dumping data for table `transactions`
--

LOCK TABLES `transactions` WRITE;
/*!40000 ALTER TABLE `transactions` DISABLE KEYS */;
INSERT INTO `transactions` VALUES (1,1,1,9,2,'TRX-202606-00001','income',15000000.00,'Gaji Bulanan','Gaji Bulanan Juni 2026','2026-06-05',NULL,'bank','success','2026-06-22 05:25:07','2026-06-22 05:25:07'),(2,1,1,3,2,'TRX-202606-00002','expense',450000.00,'Listrik PLN','Listrik PLN Juni 2026','2026-06-06',NULL,'bank','success','2026-06-22 05:25:07','2026-06-22 05:25:07'),(3,1,1,7,1,'TRX-202606-00003','expense',320000.00,'Belanja di Superindo','Belanja di Superindo Juni 2026','2026-06-08',NULL,'cash','success','2026-06-22 05:25:07','2026-06-22 05:25:07'),(4,1,1,4,2,'TRX-202606-00004','expense',250000.00,'Internet Indihome','Internet Indihome Juni 2026','2026-06-10',NULL,'bank','success','2026-06-22 05:25:07','2026-06-22 05:25:07'),(5,1,1,5,2,'TRX-202606-00005','expense',150000.00,'BPJS Kesehatan','BPJS Kesehatan Juni 2026','2026-06-12',NULL,'bank','success','2026-06-22 05:25:07','2026-06-22 05:25:07'),(6,1,1,2,1,'TRX-202606-00006','expense',200000.00,'Imunisasi Anak','Imunisasi Anak Juni 2026','2026-06-14',NULL,'cash','success','2026-06-22 05:25:07','2026-06-22 05:25:07'),(7,1,1,11,4,'TRX-202606-00007','income',1200000.00,'Freelance Design','Freelance Design Juni 2026','2026-06-18',NULL,'e-wallet','success','2026-06-22 05:25:07','2026-06-22 05:25:07');
/*!40000 ALTER TABLE `transactions` ENABLE KEYS */;
UNLOCK TABLES;

--
-- Table structure for table `users`
--

DROP TABLE IF EXISTS `users`;
/*!40101 SET @saved_cs_client     = @@character_set_client */;
/*!50503 SET character_set_client = utf8mb4 */;
CREATE TABLE `users` (
  `id` bigint unsigned NOT NULL AUTO_INCREMENT,
  `family_id` bigint unsigned DEFAULT NULL,
  `role_id` bigint unsigned DEFAULT NULL,
  `name` varchar(255) COLLATE utf8mb4_unicode_ci NOT NULL,
  `email` varchar(255) COLLATE utf8mb4_unicode_ci NOT NULL,
  `username` varchar(255) COLLATE utf8mb4_unicode_ci DEFAULT NULL,
  `email_verified_at` timestamp NULL DEFAULT NULL,
  `password` varchar(255) COLLATE utf8mb4_unicode_ci NOT NULL,
  `phone` varchar(255) COLLATE utf8mb4_unicode_ci DEFAULT NULL,
  `photo` varchar(255) COLLATE utf8mb4_unicode_ci DEFAULT NULL,
  `is_active` tinyint(1) NOT NULL DEFAULT '1',
  `last_login` timestamp NULL DEFAULT NULL,
  `remember_token` varchar(100) COLLATE utf8mb4_unicode_ci DEFAULT NULL,
  `created_at` timestamp NULL DEFAULT NULL,
  `updated_at` timestamp NULL DEFAULT NULL,
  PRIMARY KEY (`id`),
  UNIQUE KEY `users_email_unique` (`email`),
  UNIQUE KEY `users_username_unique` (`username`),
  KEY `users_family_id_foreign` (`family_id`),
  KEY `users_role_id_foreign` (`role_id`),
  CONSTRAINT `users_family_id_foreign` FOREIGN KEY (`family_id`) REFERENCES `families` (`id`) ON DELETE SET NULL,
  CONSTRAINT `users_role_id_foreign` FOREIGN KEY (`role_id`) REFERENCES `roles` (`id`) ON DELETE SET NULL
) ENGINE=InnoDB AUTO_INCREMENT=5 DEFAULT CHARSET=utf8mb4 COLLATE=utf8mb4_unicode_ci;
/*!40101 SET character_set_client = @saved_cs_client */;

--
-- Dumping data for table `users`
--

LOCK TABLES `users` WRITE;
/*!40000 ALTER TABLE `users` DISABLE KEYS */;
INSERT INTO `users` VALUES (1,1,1,'Budi Pratama','budi.pratama@email.com','budi.pratama',NULL,'$2y$12$2unEmPqHGUVvwHD3bzgYf.WnmMNGSD.PYjYuT3h5y1Pl7Plceanxm','0812-3456-7890',NULL,1,'2026-06-24 22:38:03',NULL,'2026-06-22 05:25:07','2026-06-22 05:25:21'),(2,1,2,'Siti Pratiwi','siti.pratiwi@email.com','siti.pratiwi',NULL,'$2y$12$fjt8FQye3kX0tlQ1wIsTbO7hKIOr/X9t08IO7pyf2TGhgftSpWGam','0812-1111-2222',NULL,1,NULL,NULL,'2026-06-22 05:25:07','2026-06-22 05:25:07'),(3,1,3,'Raka Pratama','raka.pratama@email.com','raka.pratama',NULL,'$2y$12$wiU3OKkWmrQsO4vY/zPE5ercJoP4FDzp/vHFMc1kko5kweRGDmEoy','0812-3333-4444',NULL,1,NULL,NULL,'2026-06-22 05:25:07','2026-06-22 05:25:07'),(4,1,4,'Ayu Pratama','ayu.pratama@email.com','ayu.pratama',NULL,'$2y$12$LuoCAFSBs3nWiTMyWNfSSu.Rq6aFm3dGCdOFs8cYqGmCttBclgkby','0812-5555-6666',NULL,0,NULL,NULL,'2026-06-22 05:25:07','2026-06-22 05:25:07');
/*!40000 ALTER TABLE `users` ENABLE KEYS */;
UNLOCK TABLES;

--
-- Table structure for table `wallets`
--

DROP TABLE IF EXISTS `wallets`;
/*!40101 SET @saved_cs_client     = @@character_set_client */;
/*!50503 SET character_set_client = utf8mb4 */;
CREATE TABLE `wallets` (
  `id` bigint unsigned NOT NULL AUTO_INCREMENT,
  `family_id` bigint unsigned NOT NULL,
  `wallet_name` varchar(255) COLLATE utf8mb4_unicode_ci NOT NULL,
  `balance` decimal(15,2) NOT NULL DEFAULT '0.00',
  `type` enum('cash','bank','e-wallet') COLLATE utf8mb4_unicode_ci NOT NULL,
  `account_number` varchar(255) COLLATE utf8mb4_unicode_ci DEFAULT NULL,
  `created_at` timestamp NULL DEFAULT NULL,
  `updated_at` timestamp NULL DEFAULT NULL,
  PRIMARY KEY (`id`),
  KEY `wallets_family_id_foreign` (`family_id`),
  CONSTRAINT `wallets_family_id_foreign` FOREIGN KEY (`family_id`) REFERENCES `families` (`id`) ON DELETE CASCADE
) ENGINE=InnoDB AUTO_INCREMENT=5 DEFAULT CHARSET=utf8mb4 COLLATE=utf8mb4_unicode_ci;
/*!40101 SET character_set_client = @saved_cs_client */;

--
-- Dumping data for table `wallets`
--

LOCK TABLES `wallets` WRITE;
/*!40000 ALTER TABLE `wallets` DISABLE KEYS */;
INSERT INTO `wallets` VALUES (1,1,'Cash',2350000.00,'cash',NULL,'2026-06-22 05:25:07','2026-06-22 05:25:07'),(2,1,'BCA',12750000.00,'bank','1234 5678 9012 3456','2026-06-22 05:25:07','2026-06-22 05:25:07'),(3,1,'Dana',5180000.00,'e-wallet','0812 **** 3456','2026-06-22 05:25:07','2026-06-22 05:25:07'),(4,1,'OVO',4300000.00,'e-wallet','0812 **** 7890','2026-06-22 05:25:07','2026-06-22 05:25:07');
/*!40000 ALTER TABLE `wallets` ENABLE KEYS */;
UNLOCK TABLES;

--
-- Dumping events for database 'family_finance'
--

--
-- Dumping routines for database 'family_finance'
--
/*!40103 SET TIME_ZONE=@OLD_TIME_ZONE */;

/*!40101 SET SQL_MODE=@OLD_SQL_MODE */;
/*!40014 SET FOREIGN_KEY_CHECKS=@OLD_FOREIGN_KEY_CHECKS */;
/*!40014 SET UNIQUE_CHECKS=@OLD_UNIQUE_CHECKS */;
/*!40101 SET CHARACTER_SET_CLIENT=@OLD_CHARACTER_SET_CLIENT */;
/*!40101 SET CHARACTER_SET_RESULTS=@OLD_CHARACTER_SET_RESULTS */;
/*!40101 SET COLLATION_CONNECTION=@OLD_COLLATION_CONNECTION */;
/*!40111 SET SQL_NOTES=@OLD_SQL_NOTES */;

-- Dump completed on 2026-06-25 18:42:55
